<?xml version="1.0" encoding="UTF-8"?>
<project-private xmlns="http://www.netbeans.org/ns/project-private/1">
    <editor-bookmarks xmlns="http://www.netbeans.org/ns/editor-bookmarks/2" lastBookmarkId="0"/>
    <open-files xmlns="http://www.netbeans.org/ns/projectui-open-files/2">
        <group>
            <file>file:/C:/Users/joyis/OneDrive/Documents/NetBeansProjects/StudentManagemant/src/cseproject/login.java</file>
            <file>file:/C:/Users/joyis/OneDrive/Documents/NetBeansProjects/StudentManagemant/src/cseproject/Register.java</file>
            <file>file:/C:/Users/joyis/OneDrive/Documents/NetBeansProjects/StudentManagemant/src/cseproject/viewstudent.java</file>
            <file>file:/C:/Users/joyis/OneDrive/Documents/NetBeansProjects/StudentManagemant/src/cseproject/Homepage.java</file>
        </group>
    </open-files>
</project-private>
